[{"model": "app.accounttype", "pk": 1, "fields": {"created_at": "2020-07-29T17:28:20.839Z", "updated_at": "2020-07-29T17:28:20.839Z", "name": "Checking", "interest_rate": 0.005}}, {"model": "app.accounttype", "pk": 2, "fields": {"created_at": "2020-07-29T17:28:56.147Z", "updated_at": "2020-07-29T17:28:56.147Z", "name": "Savings", "interest_rate": 0.015}}, {"model": "app.accounttype", "pk": 3, "fields": {"created_at": "2020-07-29T17:30:11.879Z", "updated_at": "2020-07-29T17:30:11.879Z", "name": "Credit", "interest_rate": 0.15}}, {"model": "app.accounttype", "pk": 4, "fields": {"created_at": "2020-07-29T17:30:27.941Z", "updated_at": "2020-07-29T17:30:27.941Z", "name": "Retirement", "interest_rate": 0.07}}, {"model": "app.account", "pk": 1, "fields": {"created_at": "2020-07-30T21:01:52.138Z", "updated_at": "2020-07-30T21:19:35.560Z", "account_number": "7840001", "balance": 525.0, "owner": 1, "account_type": 2, "linked_users": [2, 3]}}, {"model": "app.account", "pk": 2, "fields": {"created_at": "2020-07-30T21:02:39.250Z", "updated_at": "2020-07-30T21:20:03.474Z", "account_number": "7840002", "balance": 1845.0, "owner": 1, "account_type": 1, "linked_users": []}}, {"model": "app.account", "pk": 3, "fields": {"created_at": "2020-07-30T21:02:44.236Z", "updated_at": "2020-07-30T21:04:17.958Z", "account_number": "7840003", "balance": -96.0, "owner": 1, "account_type": 3, "linked_users": []}}, {"model": "app.account", "pk": 4, "fields": {"created_at": "2020-07-30T21:02:47.420Z", "updated_at": "2020-07-30T21:03:51.895Z", "account_number": "7840004", "balance": 5000.0, "owner": 1, "account_type": 4, "linked_users": []}}, {"model": "app.account", "pk": 5, "fields": {"created_at": "2020-07-30T21:05:33.690Z", "updated_at": "2020-07-30T21:15:31.056Z", "account_number": "7840005", "balance": 2805.0, "owner": 2, "account_type": 2, "linked_users": []}}, {"model": "app.account", "pk": 6, "fields": {"created_at": "2020-07-30T21:05:38.960Z", "updated_at": "2020-07-30T21:19:35.567Z", "account_number": "7840006", "balance": 9700.0, "owner": 2, "account_type": 1, "linked_users": [1]}}, {"model": "app.account", "pk": 7, "fields": {"created_at": "2020-07-30T21:05:46.060Z", "updated_at": "2020-07-30T21:14:36.068Z", "account_number": "7840007", "balance": 100500.0, "owner": 2, "account_type": 4, "linked_users": []}}, {"model": "app.account", "pk": 8, "fields": {"created_at": "2020-07-30T21:05:49.676Z", "updated_at": "2020-07-30T21:05:49.689Z", "account_number": "7840008", "balance": 0.0, "owner": 2, "account_type": 3, "linked_users": []}}, {"model": "app.account", "pk": 9, "fields": {"created_at": "2020-07-30T21:16:16.415Z", "updated_at": "2020-07-30T21:18:47.328Z", "account_number": "7840009", "balance": 285.0, "owner": 3, "account_type": 2, "linked_users": []}}, {"model": "app.account", "pk": 10, "fields": {"created_at": "2020-07-30T21:16:51.346Z", "updated_at": "2020-07-30T21:18:06.357Z", "account_number": "7840010", "balance": 0.0, "owner": 3, "account_type": 3, "linked_users": []}}, {"model": "app.account", "pk": 11, "fields": {"created_at": "2020-07-30T21:16:57.543Z", "updated_at": "2020-07-30T21:18:06.344Z", "account_number": "7840011", "balance": 19650.0, "owner": 3, "account_type": 1, "linked_users": []}}, {"model": "app.transactiontype", "pk": 1, "fields": {"created_at": "2020-07-29T17:32:56.413Z", "updated_at": "2020-07-29T17:32:56.413Z", "name": "Transfer", "fee_amount": 0.0}}, {"model": "app.transactiontype", "pk": 2, "fields": {"created_at": "2020-07-29T17:33:07.106Z", "updated_at": "2020-07-29T17:33:07.106Z", "name": "Purchase", "fee_amount": 0.0}}, {"model": "app.transactiontype", "pk": 3, "fields": {"created_at": "2020-07-29T17:33:16.941Z", "updated_at": "2020-07-29T17:33:56.794Z", "name": "ATM", "fee_amount": 3.0}}, {"model": "app.transaction", "pk": 1, "fields": {"created_at": "2020-07-30T21:03:11.948Z", "updated_at": "2020-07-30T21:03:11.948Z", "desc": "ATM Deposit", "amount": 500.0, "new_balance": 505.0, "is_deposit": true, "process_date": "2020-07-30", "account": 1, "transaction_type": 3}}, {"model": "app.transaction", "pk": 2, "fields": {"created_at": "2020-07-30T21:03:33.631Z", "updated_at": "2020-07-30T21:03:33.631Z", "desc": "ATM Deposit", "amount": 2000.0, "new_balance": 2000.0, "is_deposit": true, "process_date": "2020-07-30", "account": 2, "transaction_type": 3}}, {"model": "app.transaction", "pk": 3, "fields": {"created_at": "2020-07-30T21:03:51.889Z", "updated_at": "2020-07-30T21:03:51.889Z", "desc": "ATM Deposit", "amount": 5000.0, "new_balance": 5000.0, "is_deposit": true, "process_date": "2020-07-30", "account": 4, "transaction_type": 3}}, {"model": "app.transaction", "pk": 4, "fields": {"created_at": "2020-07-30T21:04:17.973Z", "updated_at": "2020-07-30T21:04:17.973Z", "desc": "Groceries", "amount": 96.0, "new_balance": -96.0, "is_deposit": false, "process_date": "2020-07-30", "account": 3, "transaction_type": 2}}, {"model": "app.transaction", "pk": 5, "fields": {"created_at": "2020-07-30T21:04:45.899Z", "updated_at": "2020-07-30T21:04:45.899Z", "desc": "Pizza", "amount": 20.0, "new_balance": 1980.0, "is_deposit": false, "process_date": "2020-07-30", "account": 2, "transaction_type": 2}}, {"model": "app.transaction", "pk": 6, "fields": {"created_at": "2020-07-30T21:06:07.499Z", "updated_at": "2020-07-30T21:06:07.499Z", "desc": "ATM Deposit", "amount": 3000.0, "new_balance": 3005.0, "is_deposit": true, "process_date": "2020-07-30", "account": 5, "transaction_type": 3}}, {"model": "app.transaction", "pk": 7, "fields": {"created_at": "2020-07-30T21:07:11.382Z", "updated_at": "2020-07-30T21:07:11.382Z", "desc": "ATM Deposit", "amount": 10000.0, "new_balance": 10000.0, "is_deposit": true, "process_date": "2020-07-30", "account": 6, "transaction_type": 3}}, {"model": "app.transaction", "pk": 10, "fields": {"created_at": "2020-07-30T21:14:16.028Z", "updated_at": "2020-07-30T21:14:16.028Z", "desc": "ATM Deposit", "amount": 100000.0, "new_balance": 100000.0, "is_deposit": true, "process_date": "2020-07-30", "account": 7, "transaction_type": 3}}, {"model": "app.transaction", "pk": 11, "fields": {"created_at": "2020-07-30T21:14:36.075Z", "updated_at": "2020-07-30T21:14:36.075Z", "desc": "Transfer to 7840007", "amount": 500.0, "new_balance": 9500.0, "is_deposit": false, "process_date": "2020-07-30", "account": 6, "transaction_type": 1}}, {"model": "app.transaction", "pk": 12, "fields": {"created_at": "2020-07-30T21:14:36.082Z", "updated_at": "2020-07-30T21:14:36.082Z", "desc": "Transfer from 7840006", "amount": 500.0, "new_balance": 100500.0, "is_deposit": true, "process_date": "2020-07-30", "account": 7, "transaction_type": 1}}, {"model": "app.transaction", "pk": 13, "fields": {"created_at": "2020-07-30T21:15:31.043Z", "updated_at": "2020-07-30T21:15:31.043Z", "desc": "Buy table", "amount": 200.0, "new_balance": 2805.0, "is_deposit": false, "process_date": "2020-07-30", "account": 5, "transaction_type": 1}}, {"model": "app.transaction", "pk": 14, "fields": {"created_at": "2020-07-30T21:15:31.050Z", "updated_at": "2020-07-30T21:15:31.050Z", "desc": "Buy table", "amount": 200.0, "new_balance": 705.0, "is_deposit": true, "process_date": "2020-07-30", "account": 1, "transaction_type": 1}}, {"model": "app.transaction", "pk": 15, "fields": {"created_at": "2020-07-30T21:17:17.245Z", "updated_at": "2020-07-30T21:17:17.245Z", "desc": "ATM Deposit", "amount": 20000.0, "new_balance": 20000.0, "is_deposit": true, "process_date": "2020-07-30", "account": 11, "transaction_type": 3}}, {"model": "app.transaction", "pk": 16, "fields": {"created_at": "2020-07-30T21:17:29.446Z", "updated_at": "2020-07-30T21:17:29.446Z", "desc": "Transfer to 7840009", "amount": 300.0, "new_balance": 19700.0, "is_deposit": false, "process_date": "2020-07-30", "account": 11, "transaction_type": 1}}, {"model": "app.transaction", "pk": 17, "fields": {"created_at": "2020-07-30T21:17:29.453Z", "updated_at": "2020-07-30T21:17:29.453Z", "desc": "Transfer from 7840011", "amount": 300.0, "new_balance": 305.0, "is_deposit": true, "process_date": "2020-07-30", "account": 9, "transaction_type": 1}}, {"model": "app.transaction", "pk": 18, "fields": {"created_at": "2020-07-30T21:17:50.284Z", "updated_at": "2020-07-30T21:17:50.284Z", "desc": "Bananas", "amount": 50.0, "new_balance": -50.0, "is_deposit": false, "process_date": "2020-07-30", "account": 10, "transaction_type": 2}}, {"model": "app.transaction", "pk": 19, "fields": {"created_at": "2020-07-30T21:18:06.364Z", "updated_at": "2020-07-30T21:18:06.364Z", "desc": "Transfer to 7840010", "amount": 50.0, "new_balance": 19650.0, "is_deposit": false, "process_date": "2020-07-30", "account": 11, "transaction_type": 1}}, {"model": "app.transaction", "pk": 20, "fields": {"created_at": "2020-07-30T21:18:06.371Z", "updated_at": "2020-07-30T21:18:06.371Z", "desc": "Transfer from 7840011", "amount": 50.0, "new_balance": 0.0, "is_deposit": true, "process_date": "2020-07-30", "account": 10, "transaction_type": 1}}, {"model": "app.transaction", "pk": 21, "fields": {"created_at": "2020-07-30T21:18:47.315Z", "updated_at": "2020-07-30T21:18:47.315Z", "desc": "Coffee", "amount": 20.0, "new_balance": 285.0, "is_deposit": false, "process_date": "2020-07-30", "account": 9, "transaction_type": 1}}, {"model": "app.transaction", "pk": 22, "fields": {"created_at": "2020-07-30T21:18:47.322Z", "updated_at": "2020-07-30T21:18:47.322Z", "desc": "Coffee", "amount": 20.0, "new_balance": 725.0, "is_deposit": true, "process_date": "2020-07-30", "account": 1, "transaction_type": 1}}, {"model": "app.transaction", "pk": 23, "fields": {"created_at": "2020-07-30T21:19:35.548Z", "updated_at": "2020-07-30T21:19:35.548Z", "desc": "Refund Table", "amount": 200.0, "new_balance": 525.0, "is_deposit": false, "process_date": "2020-07-30", "account": 1, "transaction_type": 1}}, {"model": "app.transaction", "pk": 24, "fields": {"created_at": "2020-07-30T21:19:35.554Z", "updated_at": "2020-07-30T21:19:35.554Z", "desc": "Refund Table", "amount": 200.0, "new_balance": 9700.0, "is_deposit": true, "process_date": "2020-07-30", "account": 6, "transaction_type": 1}}, {"model": "app.transaction", "pk": 25, "fields": {"created_at": "2020-07-30T21:20:03.458Z", "updated_at": "2020-07-30T21:20:03.458Z", "desc": "Insurance", "amount": 135.0, "new_balance": 1845.0, "is_deposit": false, "process_date": "2020-07-30", "account": 2, "transaction_type": 1}}, {"model": "app.bill", "pk": 1, "fields": {"bill_account_number": 11780030, "name": "Phone Bill", "payment": 45.0, "date": "2020-07-30", "from_account": 9, "owner": 3, "created_at": "2020-07-30T21:16:42.018Z", "updated_at": "2020-07-30T21:16:42.018Z"}}, {"model": "app.bill", "pk": 2, "fields": {"bill_account_number": 2220220, "name": "Insurance", "payment": 135.0, "date": "2020-07-30", "from_account": 2, "owner": 1, "created_at": "2020-07-30T21:20:01.800Z", "updated_at": "2020-07-30T21:20:01.800Z"}}]